Feature,Importance
industry_7,84846.3411011741
industry_6,66410.36786904641
industry_5,39857.447943542895
industry_4,34020.26103831899
const,28450.45544585826
industry_3,24554.231084839674
industry_2,17220.480737738748
industry_1,7622.692641480428
marital_3,471.16765920518213
marital_1,182.75538430028507
ethnic_2,177.46563931120562
education,131.6298892095569
ethnic_1,126.8918332156097
age00,56.446499181601084
gender_1,42.05788200718622
marital_2,12.093651473242204
