Feature,Importance
industry_7,84879.30817332178
industry_6,66674.90881567044
industry_5,39652.714320492254
industry_4,33577.58612258204
const,28333.141631970106
industry_3,24651.90021638938
industry_2,17206.056445544207
industry_1,7681.555586765669
marital_3,406.6496509770967
marital_2,383.22719686801975
ethnic_2,149.2125503277507
marital_1,74.6984868474716
age00,28.704737933615114
education,20.976665037571777
ethnic_1,20.51098504340338
gender_1,0.35526633672628805
